PRAGMA foreign_keys = ON;

INSERT INTO organisations (
    organisation_id,
    name,
    website,
    local_phone,
    international_phone,
    email,
    x,
    facebook
) VALUES
    (
        1,
        'Caledonian MacBrayne',
        'https://calmac.co.uk/',
        '0800 066 5000',
        '+44 1475 650 397',
        'enquiries@calmac.co.uk',
        'https://x.com/calmacferries',
        'https://www.facebook.com/calmacferries'
    ),
    (
        2,
        'NorthLink Ferries',
        'https://www.northlinkferries.co.uk',
        '0800 111 4422',
        '+44 1856 885 500',
        'reservations@northlinkferries.co.uk',
        'https://x.com/NLFerries',
        'https://www.facebook.com/NorthLinkFerries/'
    ),
    (
        3,
        'Western Ferries',
        'https://www.western-ferries.co.uk/',
        '01369 704452',
        NULL,
        'enquiries@western-ferries.co.uk',
        'https://x.com/Western_Ferries',
        'https://www.facebook.com/WesternFerries'
    ),
    (
        4,
        'Shetland Ferries',
        'https://www.shetland.gov.uk/ferries',
        '01806 244200',
        NULL,
        'ferries@shetland.gov.uk',
        'https://twitter.com/ShetIslandsCll',
        'https://www.facebook.com/ShetlandIslandsCouncil/'
    ),
    (
        5,
        'Orkney Ferries',
        'https://www.orkneyferries.co.uk/',
        '01856 872044',
        '+44 1856 872044',
        'info@orkneyferries.co.uk',
        'https://twitter.com/OrkneyFerries',
        'https://www.facebook.com/OrkneyFerriesLtd/'
    ),
    (
        6,
        'Pentland Ferries',
        'https://pentlandferries.co.uk/',
        '01856 831226',
        '+44 1856 831226',
        'sales@pentlandferries.co.uk',
        NULL,
        NULL
    ),
    (
        7,
        'Highland Council',
        'https://www.highland.gov.uk/corran-ferry',
        '01855 841243',
        '+44 1855 841243',
        NULL,
        'https://twitter.com/CorranFerry',
        'https://www.facebook.com/CorranFerryService/'
    )
;

INSERT INTO services (
    service_id,
    area,
    route,
    status,
    organisation_id,
    updated
) VALUES
    (1, 'COWAL & DUNOON', 'Gourock (GOU) - Dunoon (DUN)', -99, 1, CURRENT_TIMESTAMP),
    (2, 'COWAL and KINTYRE', 'Tarbert, Loch Fyne (TLF) - Portavadie (POR)', -99, 1, CURRENT_TIMESTAMP),
    (3, 'BUTE', 'Wemyss Bay (WEM) - Rothesay (ROT)', -99, 1, CURRENT_TIMESTAMP),
    (4, 'BUTE', 'Colintraive (CTR) - Rhubodach (RHU)', -99, 1, CURRENT_TIMESTAMP),
    (5, 'ARRAN', 'Ardrossan (ARD) - Brodick (BRO)', -99, 1, CURRENT_TIMESTAMP),
    (6, 'ARRAN', 'Claonaig (CLA) - Lochranza (LRA)', -99, 1, CURRENT_TIMESTAMP),
    (7, 'CUMBRAE', 'Largs (LAR) - Millport, Cumbrae Slip (CUM)', -99, 1, CURRENT_TIMESTAMP),
    (8, 'GIGHA', 'Tayinloan (TAY) - Gigha (GIG)', -99, 1, CURRENT_TIMESTAMP),
    (9, 'ISLAY', 'Kennacraig (KEN) - Port Askaig (PAS), Kennacraig (KEN) - Port Ellen (PEL)', -99, 1, CURRENT_TIMESTAMP),
    (10, 'COLONSAY', 'Oban (OBA) - Colonsay (CSA) - Port Askaig (PAS) - Kennacraig (KEN)', -99, 1, CURRENT_TIMESTAMP),
    (11, 'MULL', 'Oban (OBA) - Craignure (CRA)', -99, 1, CURRENT_TIMESTAMP),
    (12, 'MULL', 'Lochaline (LAL) - Fishnish (FIS)', -99, 1, CURRENT_TIMESTAMP),
    (13, 'IONA', 'Fionnphort (FIO) - Iona (ION)', -99, 1, CURRENT_TIMESTAMP),
    (14, 'ARDNAMURCHAN', 'Tobermory (TOB) - Kilchoan (KIC)', -99, 1, CURRENT_TIMESTAMP),
    (15, 'LISMORE', 'Oban (OBA) - Lismore (LIS)', -99, 1, CURRENT_TIMESTAMP),
    (16, 'COLL and TIREE', 'Oban (OBA) - Coll (CLL) - Tiree (TIR)', -99, 1, CURRENT_TIMESTAMP),
    (17, 'RAASAY', 'Sconser (SCO) - Raasay (RAA)', -99, 1, CURRENT_TIMESTAMP),
    (18, 'SKYE', 'Mallaig (MAL) - Armadale (ARM)', -99, 1, CURRENT_TIMESTAMP),
    (19, 'SMALL ISLES', 'Mallaig (MAL) - Small Isles (SIS)', -99, 1, CURRENT_TIMESTAMP),
    (20, 'BARRA ', 'Oban (OBA) - Castlebay (CAS)', -99, 1, CURRENT_TIMESTAMP),
    (21, 'BARRA and ERISKAY', 'Ardmhor, Barra (AMH) - Eriskay (ERI)', -99, 1, CURRENT_TIMESTAMP),
    (22, 'NORTH UIST', 'Uig, Skye (UIG) - Lochmaddy (LMA)', -99, 1, CURRENT_TIMESTAMP),
    (23, 'NORTH UIST and HARRIS', 'Berneray (BER) - Leverburgh (LEV)', -99, 1, CURRENT_TIMESTAMP),
    (24, 'HARRIS', 'Uig (UIG) - Tarbert (TAR)', -99, 1, CURRENT_TIMESTAMP),
    (25, 'LEWIS', 'Ullapool (ULL) - Stornoway (STO)', -99, 1, CURRENT_TIMESTAMP),
    (35, 'LEWIS FREIGHT', 'Freight Ullapool -Stornoway ', -99, 1, CURRENT_TIMESTAMP),
    (36, 'KINTYRE', 'Ardrossan (ARD) - Campbeltown (CAM)', -99, 1, CURRENT_TIMESTAMP),
    (37, 'SOUTH UIST', 'Mallaig (MAL) / Oban (OBA) - Lochboisdale (LBO)', -99, 1, CURRENT_TIMESTAMP),
    (38, 'KERRERA', 'Gallanach (GAL) - Kerrera (KER)', -99, 1, CURRENT_TIMESTAMP),
    (39, 'KILCREGGAN & ROSNEATH', 'Gourock (GOU) - Kilcreggan (KIL)', -99, 1, CURRENT_TIMESTAMP),
    (40, 'NORTH UIST & HARRIS', 'Lochmaddy (LMA) - Tarbert (TAR)', -99, 1, CURRENT_TIMESTAMP),
    (41, 'ARRAN', 'Troon (TRO) - Brodick (BRO)', -99, 1, CURRENT_TIMESTAMP),
    (1000, 'ORKNEY & SHETLAND', 'Scrabster - Stromness / Aberdeen - Kirkwall - Lerwick', -99, 2, CURRENT_TIMESTAMP),
    (2000, 'COWAL & DUNOON (Western Ferries)', 'McInroy''s Point (Gourock) - Hunters Quay (Dunoon)', -99, 3, CURRENT_TIMESTAMP),
    (3000, 'BLUEMULL SOUND', 'Gutcher - Belmont - Hamars Ness', -99, 4, CURRENT_TIMESTAMP),
    (3001, 'YELL', 'Toft - Ulsta', -99, 4, CURRENT_TIMESTAMP),
    (3002, 'BRESSAY', 'Lerwick - Bressay', -99, 4, CURRENT_TIMESTAMP),
    (3003, 'WHALSAY', 'Laxo - Symbister', -99, 4, CURRENT_TIMESTAMP),
    (3004, 'SKERRIES', 'Laxo - Symbister - Skerries - Vidlin - Lerwick', -99, 4, CURRENT_TIMESTAMP),
    (4000, 'EDAY', 'Kirkwall - Eday - Stronsay - Sanday - Rapness', -99, 5, CURRENT_TIMESTAMP),
    (4001, 'SANDAY', 'Kirkwall - Eday - Stronsay - Sanday - Rapness', -99, 5, CURRENT_TIMESTAMP),
    (4002, 'STRONSAY', 'Kirkwall - Eday - Stronsay - Sanday - Rapness', -99, 5, CURRENT_TIMESTAMP),
    (4003, 'WESTRAY', 'Kirkwall - Eday - Stronsay - Sanday - Rapness', -99, 5, CURRENT_TIMESTAMP),
    (4004, 'SHAPINSAY', 'Kirkwall - Shapinsay', -99, 5, CURRENT_TIMESTAMP),
    (4005, 'GRAEMSAY', 'Stromness - Graemsay - Hoy', -99, 5, CURRENT_TIMESTAMP),
    (4006, 'HOUTON', 'Houton - Flotta - Lyness - Longhope', -99, 5, CURRENT_TIMESTAMP),
    (4007, 'ROUSAY, EGILSAY & WYRE', 'Tingwall - Rousay - Egilsay - Wyre', -99, 5, CURRENT_TIMESTAMP),
    (4008, 'PIEROWALL - PAPA WESTRAY', 'Westray Pierowall - Papa Westray', -99, 5, CURRENT_TIMESTAMP),
    (5000, 'PENTLAND FIRTH', 'Gills Bay - St Margaret''s Hope', -99, 6, CURRENT_TIMESTAMP),
    (6000, 'CORRAN', 'Nether Lochaber - Ardgour', -99, 7, CURRENT_TIMESTAMP)
;

INSERT INTO locations (
    location_id,
    name,
    latitude,
    longitude,
    stop_point_id
) VALUES
    (3, 'Ardrossan', 55.640516, -4.823062, '9300ARD'),
    (4, 'Brodick', 55.576606, -5.139172, '9300BRB'),
    (7, 'Wemyss Bay', 55.87573, -4.8908, '9300WMB'),
    (8, 'Rothesay', 55.83848, -5.05421, '9300RAY'),
    (9, 'Stornoway', 58.206822, -6.386586, '9300STO'),
    (10, 'Ullapool', 57.894939, -5.160442, '9300ULL'),
    (11, 'Largs', 55.794945, -4.871013, '9300LGS'),
    (12, 'Cumbrae Slip', 55.78671, -4.898246, '9300CUM'),
    (13, 'Tobermory', 56.6233, -6.06334, '9300TOB'),
    (14, 'Kilchoan', 56.68855, -6.09396, '9300KLB'),
    (15, 'Tarbert (Loch Fyne)', 55.86615, -5.40376, '9300LCT'),
    (16, 'Lochranza', 55.707714, -5.301985, '9300LCR'),
    (17, 'Barra', 57.0084, -7.40475, '9300AHB'),
    (18, 'Eriskay', 57.07091, -7.30825, '9300ERI'),
    (19, 'Oban', 56.41158, -5.47725, '9300OBA'),
    (20, 'Castlebay', 56.953846, -7.488251, '9300CBA'),
    (21, 'Lochboisdale', 57.152201, -7.303969, '9300LBS'),
    (22, 'Colintraive', 55.923353, -5.152758, '9300COT'),
    (23, 'Rhubodach', 55.92067, -5.15888, '9300RHU'),
    (24, 'Coll', 56.615059, -6.524241, '9300COL'),
    (25, 'Tiree', 56.508324, -6.798924, '9300TRE'),
    (26, 'Colonsay', 56.06858, -6.18819, '9300CSY'),
    (27, 'Port Askaig', 55.847707, -6.105102, '9300PAK'),
    (28, 'Kennacraig', 55.8067, -5.4834, '9300KEN'),
    (29, 'Portavadie', 55.87649, -5.31654, '9300PAV'),
    (30, 'Tayinloan', 55.65755, -5.6691, '9300TYL'),
    (31, 'Gigha', 55.678637, -5.733597, '9300AMH'),
    (32, 'Uig', 57.58634, -6.376447, '9300UIG'),
    (33, 'Tarbert', 57.896848, -6.798668, '9300TAB'),
    (34, 'Fionnphort', 56.325611, -6.369403, '9300FIO'),
    (35, 'Iona', 56.330225, -6.392257, '9300IOA'),
    (36, 'Port Ellen', 55.62781, -6.18981, '9300PLN'),
    (37, 'Lismore', 56.511159, -5.492068, '9300LMR'),
    (38, 'Craignure', 56.47074, -5.70629, '9300CNU'),
    (39, 'Lochmaddy', 57.596518, -7.157672, '9300LMA'),
    (40, 'Berneray', 57.702302, -7.180422, '9300BNY'),
    (41, 'Leverburgh', 57.76654, -7.025258, '9300LEV'),
    (42, 'Sconser', 57.313967, -6.110329, '9300SCO'),
    (43, 'Raasay', 57.351034, -6.082454, '9300RAA'),
    (44, 'Mallaig', 57.006834, -5.828069, '9300MLG'),
    (45, 'Armadale', 57.064596, -5.894743, '9300ARM'),
    (46, 'Eigg', 56.8772, -6.12995, '9300GAL'),
    (47, 'Muck', 56.83364, -6.226905, '9300PTM'),
    (48, 'Rum', 57.010862, -6.264991, '9300KLH'),
    (49, 'Canna', 57.056171, -6.490296, '9300CAN'),
    (50, 'Lochaline', 56.53666, -5.77502, '9300LHL'),
    (51, 'Fishnish', 56.51472, -5.81032, '9300FIB'),
    (52, 'Claonaig', 55.75106, -5.38787, '9300CLB'),
    (53, 'Campbeltown', 55.424047, -5.599388, '9300CPB'),
    (54, 'Gallanach', 56.396995, -5.510373, '9300OKF'),
    (55, 'Kerrera', 56.399859, -5.517498, '9300KER'),
    (56, 'Gourock', 55.959938, -4.814372, '9300GUR'),
    (57, 'Dunoon', 55.947006, -4.921328, '9300DNU'),
    (58, 'Kilcreggan', 55.984704635223416, -4.820426740646081, '9300KGN'),
    (59, 'Scrabster', 58.61252430922174, -3.545534457670658, '9300SCR'),
    (60, 'Stromness', 58.96421632953152, -3.2954037645564296, '9300SNS'),
    (61, 'Aberdeen', 57.145172030019346, -2.091230925036305, NULL),
    (62, 'Kirkwall', 58.99989823953207, -2.9742511887813246, NULL),
    (63, 'Lerwick', 60.16270380403575, -1.1589239389948884, NULL),
    (64, 'McInroy''s Point', 55.95160698614026, -4.85339972935733, '9300MCP'),
    (65, 'Hunters Quay', 55.970673603254305, -4.909260840891939, '9300HUN'),
    (66, 'Gutcher', 60.67302336320226, -0.9964222948573699, '9300GUT'),
    (67, 'Belmont', 60.683245697249724, -0.966809460926674, '9300BMT'),
    (68, 'Hamars Ness', 60.62920742111861, -0.931458525094521, '9300ODD'),
    (69, 'Toft', 60.46679304368115, -1.2068379688066269, '9300TOF'),
    (70, 'Ulsta', 60.49638392192762, -1.1585186085702022, '9300ULS'),
    (71, 'Lerwick', 60.15592026531444, -1.1427881939348081, '9300LRK'),
    (72, 'Bressay', 60.15720064370729, -1.1232174110338675, '9300MYF'),
    (73, 'Laxo', 60.352141839514786, -1.1702833067214111, '9300LAX'),
    (74, 'Symbister', 60.34191010787282, -1.028640592586, '9300SYM'),
    (75, 'Skerries', 60.42273340335759, -0.7511959108313978, '9300OUT'),
    (76, 'Vidlin', 60.37282293039965, -1.1293572113730086, '9300VID'),
    (77, 'Kirkwall', 58.98646780169982, -2.9603495092811527, '9300KWL'),
    (78, 'Eday', 59.15554743669383, -2.7473148574977544, '9300EDY'),
    (79, 'Stronsay', 59.14267302491262, -2.597842732772849, '9300STY'),
    (80, 'Sanday', 59.190785969770495, -2.6964419915877955, '9300NDY'),
    (81, 'Rapness', 59.248702844714344, -2.858451682387489, '9300RAP'),
    (82, 'Kirkwall Shapinsay', 58.98530772397149, -2.9604274613197075, '9300KWS'),
    (83, 'Shapinsay', 59.031464993313435, -2.90954899323327964, '9300SPY'),
    (85, 'Graemsay', 58.93119306928956, -3.2672566315248606, '9300GAE'),
    (86, 'Hoy', 58.916302446449635, -3.3118362066164497, '9300NHY'),
    (87, 'Houton', 58.917335897314416, -3.1838163644115665, '9300HTN'),
    (88, 'Flotta', 58.83807286115842, -3.1282277823106046, '9300FLH'),
    (89, 'Lyness', 58.83353714926902, -3.191641626189918, '9300LYS'),
    (90, 'Longhope', 58.80042265386166, -3.207042537317379, '9300LHP'),
    (91, 'Wyre', 59.12483221195805, -2.9724840291593946, '9300WYR'),
    (92, 'Rousay', 59.13061386489054, -2.9861748085213837, '9300ROU'),
    (93, 'Tingwall', 59.08867039132888, -3.0434806516423203, '9300TWL'),
    (94, 'Egilsay', 59.15580615476281, -2.942737599063998, '9300EGI'),
    (95, 'Pierowall', 59.3232945827641, -2.9746761333592557, '9300PWL'),
    (96, 'Papa Westray', 59.32685487460761, -2.8915579942483736, '9300PWY'),
    (97, 'Troon', 55.549294792361195, -4.682825196631705, '9300TRN'),
    (98, 'Gills Bay', 58.63917534851306, -3.1614340648459605, '9300GIL'),
    (99, 'St Margaret''s Hope', 58.832021233320255, -2.9622400477352535, '9300SMH'),
    (100, 'Nether Lochaber', 56.72145, -5.23548, '9300CRR'),
    (101, 'Ardgour', 56.72269921964747, -5.243313948783956, '9300ARG')
;

INSERT INTO service_locations (service_id, location_id) VALUES
    (1, 56),
    (1, 57),
    (2, 15),
    (2, 29),
    (3, 7),
    (3, 8),
    (4, 22),
    (4, 23),
    (5, 3),
    (5, 4),
    (6, 15),
    (6, 16),
    (6, 52),
    (7, 11),
    (7, 12),
    (8, 30),
    (8, 31),
    (9, 27),
    (9, 28),
    (9, 36),
    (10, 19),
    (10, 26),
    (10, 27),
    (10, 28),
    (11, 19),
    (11, 38),
    (12, 50),
    (12, 51),
    (13, 34),
    (13, 35),
    (14, 13),
    (14, 14),
    (15, 19),
    (15, 37),
    (16, 19),
    (16, 24),
    (16, 25),
    (17, 42),
    (17, 43),
    (18, 44),
    (18, 45),
    (19, 44),
    (19, 46),
    (19, 47),
    (19, 48),
    (19, 49),
    (20, 19),
    (20, 20),
    (20, 21),
    (21, 17),
    (21, 18),
    (22, 10),
    (22, 32),
    (22, 33),
    (22, 39),
    (23, 40),
    (23, 41),
    (24, 32),
    (24, 33),
    (25, 9),
    (25, 10),
    (35, 9),
    (35, 10),
    (36, 3),
    (36, 53),
    (37, 21),
    (37, 44),
    (38, 54),
    (38, 55),
    (39, 56),
    (39, 58),
    (40, 39),
    (40, 33),
    (41, 4),
    (41, 97),
    (1000, 59),
    (1000, 60),
    (1000, 61),
    (1000, 62),
    (1000, 63),
    (2000, 64),
    (2000, 65),
    (3000, 66),
    (3000, 67),
    (3000, 68),
    (3001, 69),
    (3001, 70),
    (3002, 71),
    (3002, 72),
    (3003, 73),
    (3003, 74),
    (3004, 71),
    (3004, 73),
    (3004, 74),
    (3004, 75),
    (3004, 76),
    (4000, 77),
    (4000, 78),
    (4000, 79),
    (4000, 80),
    (4000, 81),
    (4001, 77),
    (4001, 78),
    (4001, 79),
    (4001, 80),
    (4001, 81),
    (4002, 77),
    (4002, 78),
    (4002, 79),
    (4002, 80),
    (4002, 81),
    (4003, 77),
    (4003, 78),
    (4003, 79),
    (4003, 80),
    (4003, 81),
    (4004, 82),
    (4004, 83),
    (4005, 60),
    (4005, 85),
    (4005, 86),
    (4006, 87),
    (4006, 88),
    (4006, 89),
    (4006, 90),
    (4007, 91),
    (4007, 92),
    (4007, 93),
    (4007, 94),
    (4008, 95),
    (4008, 96),
    (5000, 98),
    (5000, 99),
    (6000, 100),
    (6000, 101)
;

INSERT INTO transxchange_service_mappings (service_id, service_code) VALUES
    (1, 'CALM_CM1'),
    (2, 'CALM_CM2'),
    (3, 'CALM_CM3'),
    (4, 'CALM_CM4'),
    (5, 'CALM_CM5'),
    (6, 'CALM_CM6'),
    (7, 'CALM_CM7'),
    (8, 'CALM_CM8'),
    (9, 'CALM_CM9'),
    (9, 'CALM_CM10'),
    (10, 'CALM_CM10'),
    (11, 'CALM_CM11'),
    (12, 'CALM_CM12'),
    (13, 'CALM_CM13'),
    (14, 'CALM_CM14'),
    (15, 'CALM_CM15'),
    (16, 'CALM_CM16'),
    (17, 'CALM_CM17'),
    (18, 'CALM_CM18'),
    (19, 'CALM_CM19'),
    (20, 'CALM_CM20'),
    (21, 'CALM_CM21'),
    (22, 'CALM_CM22'),
    (23, 'CALM_CM23'),
    (24, 'CALM_CM22'),
    (25, 'CALM_CM25'),
    (37, 'CALM_20A'),
    (38, 'CALM_15A'),
    (39, 'CALM_CM1A'),
    (40, 'CALM_CM22'),
    (41, 'CALM_CM5B'),
    (1000, 'NLKF_NL1'),
    (2000, 'WFRL_WF1'),
    (3000, 'SHET_SF2'),
    (3001, 'SHET_SF1'),
    (3002, 'SHET_SF4'),
    (3003, 'SHET_SF5'),
    (3004, 'SHET_SF3'),
    (4000, 'OKFL_OF5'),
    (4001, 'OKFL_OF5'),
    (4002, 'OKFL_OF5'),
    (4003, 'OKFL_OF5'),
    (4004, 'OKFL_OF4'),
    (4005, 'OKFL_OF1'),
    (4006, 'OKFL_OF2'),
    (4007, 'OKFL_OF3'),
    (4008, 'OKFL_OF7'),
    (5000, 'PENT_PF1'),
    (6000, 'HIGH_F9')
;
